years_experience,age,department,education_level,job_role,performance_score,salary
14.2,23,Operations,Master,Mid,2.7,115459.14
19.7,27,Sales,Master,Junior,2.1,112336.72
1.1,34,Operations,PhD,Director,3.3,136587.14
19.2,32,Operations,Master,Senior,2.8,136779.96
2.7,46,IT,Master,Senior,3.8,113937.99
12.0,46,IT,PhD,Senior,4.5,153930.96
12.9,26,IT,PhD,Mid,4.3,132087.04
10.2,45,HR,Master,Senior,2.6,121988.91
4.2,37,HR,Master,Manager,2.8,111442.61
17.0,25,HR,Bachelor,Senior,3.2,129484.24
5.1,53,Marketing,PhD,Manager,2.4,132527.24
9.7,59,Marketing,Master,Mid,5.0,115089.93
16.7,29,HR,PhD,Mid,4.4,136119.62
8.7,51,Sales,Master,Director,4.6,168382.95
6.2,43,IT,Master,Manager,2.5,130091.32
2.8,41,Operations,PhD,Director,2.6,140778.08
21.0,55,IT,PhD,Senior,3.5,171318.95
21.7,41,HR,Bachelor,Mid,4.6,139686.72
16.9,30,HR,PhD,Manager,4.8,165614.85
13.5,35,Sales,PhD,Mid,4.1,127088.83
8.5,55,Marketing,Bachelor,Mid,2.7,92701.19
5.4,36,IT,Bachelor,Junior,2.7,66465.38
14.9,35,Sales,Bachelor,Director,3.7,163533.72
9.3,28,IT,PhD,Manager,3.1,138329.89
1.7,28,IT,Master,Senior,4.4,96023.32
12.0,30,Marketing,Bachelor,Senior,3.4,108067.98
12.1,22,IT,Bachelor,Mid,3.2,100174.89
19.9,32,Marketing,Bachelor,Manager,2.8,158856.8
9.6,57,Operations,PhD,Manager,2.5,147906.85
16.6,25,IT,PhD,Manager,3.5,169792.65
21.2,27,HR,Bachelor,Director,2.2,179654.28
20.7,58,HR,PhD,Director,2.1,202944.73
6.1,42,HR,Master,Manager,2.4,122159.51
20.5,26,IT,Master,Director,5.0,196821.22
20.6,26,HR,Master,Senior,2.5,153295.14
13.7,55,IT,PhD,Director,2.9,181404.4
6.4,60,HR,PhD,Senior,2.6,122731.54
11.0,25,IT,PhD,Manager,4.5,148805.64
3.3,38,HR,PhD,Manager,3.7,124308.93
2.1,31,Sales,Bachelor,Senior,3.7,83752.47
7.1,24,Finance,Bachelor,Mid,4.0,86138.62
19.3,31,HR,Bachelor,Mid,4.6,131518.36
17.4,28,Marketing,Bachelor,Manager,2.7,149455.32
7.1,36,HR,Bachelor,Mid,3.2,83387.41
17.1,44,Operations,PhD,Manager,4.0,176445.81
1.1,38,HR,PhD,Senior,2.1,95582.79
17.4,49,Sales,PhD,Junior,3.2,131235.18
15.7,22,Sales,PhD,Mid,3.1,125491.69
18.7,41,Sales,Master,Manager,3.0,168027.04
4.6,46,Operations,PhD,Mid,3.8,98698.51
0.5,40,HR,Master,Director,3.8,127814.91
15.0,54,Marketing,PhD,Mid,4.0,135286.2
13.8,27,HR,PhD,Senior,2.7,130724.05
18.8,26,Marketing,Master,Director,2.6,182424.84
5.7,22,IT,Master,Mid,2.5,93009.37
1.6,37,IT,Master,Mid,4.4,100280.47
19.7,54,Marketing,PhD,Manager,4.7,192072.77
6.1,37,Operations,Master,Director,3.5,142825.51
15.8,37,Finance,Master,Senior,4.7,147012.61
5.1,48,Marketing,Master,Director,3.4,143925.44
20.8,23,Sales,Master,Manager,2.0,156783.65
18.8,48,Sales,PhD,Director,4.4,210394.08
6.4,53,IT,Master,Senior,4.0,128747.5
18.6,30,Sales,PhD,Junior,4.7,136341.15
2.3,49,HR,Master,Mid,2.2,77657.66
7.5,46,Finance,Master,Senior,4.5,122838.14
1.6,44,HR,PhD,Junior,4.3,85407.18
20.9,34,IT,PhD,Mid,2.7,149025.14
20.9,51,Operations,Master,Senior,2.5,158699.55
3.0,32,Finance,Bachelor,Director,2.1,118550.75
21.1,47,Operations,Bachelor,Junior,3.8,127865.99
15.5,41,Operations,PhD,Junior,4.4,126021.81
12.0,45,IT,PhD,Senior,2.0,135373.96
9.8,45,Operations,Master,Mid,3.3,98534.17
12.1,52,Marketing,Master,Director,2.8,165036.49
13.6,46,Finance,Bachelor,Manager,4.6,147848.96
17.7,43,Finance,PhD,Senior,3.7,160781.05
5.7,48,Marketing,PhD,Mid,4.1,110256.31
17.5,27,Finance,Bachelor,Manager,4.1,151021.95
10.7,55,Finance,Master,Director,3.0,170199.26
5.9,29,Operations,Bachelor,Senior,2.4,91664.87
4.5,35,Operations,Master,Senior,4.2,112230.07
6.6,28,HR,Master,Mid,3.1,84522.92
3.2,24,IT,PhD,Senior,4.1,109898.24
12.8,52,Marketing,Master,Senior,2.6,130800.88
9.1,26,Sales,PhD,Junior,2.5,88983.75
12.5,48,Sales,PhD,Director,2.7,177531.89
10.0,59,Marketing,Master,Director,3.9,171894.45
20.9,35,Operations,Bachelor,Senior,4.0,145081.6
2.1,22,Marketing,Master,Director,3.4,124015.01
6.6,51,IT,PhD,Mid,4.8,124137.77
14.7,34,Marketing,Bachelor,Director,2.7,157610.07
3.6,25,HR,Master,Director,4.2,137137.58
3.2,41,Operations,Master,Senior,3.5,100093.7
1.4,49,Operations,Master,Director,2.8,137456.98
20.9,39,Sales,Bachelor,Mid,3.4,145517.82
4.4,59,Marketing,PhD,Manager,4.9,142232.17
7.4,28,HR,Master,Manager,4.1,132012.64
10.3,42,Finance,Master,Junior,4.9,104655.33
21.7,56,Marketing,Master,Junior,2.6,130645.69
13.9,25,HR,Master,Director,2.4,161221.97
14.0,37,Operations,Bachelor,Senior,3.7,125595.41
21.8,29,Marketing,Bachelor,Mid,3.5,135486.41
6.4,52,Marketing,Bachelor,Manager,3.7,112905.67
11.4,30,IT,Master,Manager,3.0,143474.15
0.6,41,Sales,PhD,Manager,4.6,122558.68
7.6,56,Marketing,Master,Senior,4.6,119842.64
9.3,42,Operations,Master,Manager,3.2,140926.31
21.6,53,IT,Bachelor,Director,4.9,201738.51
18.7,28,Sales,Master,Junior,4.2,121050.59
3.8,52,Finance,Master,Director,4.1,157046.27
18.8,56,Marketing,Master,Manager,4.6,188642.71
21.9,27,Marketing,Bachelor,Junior,3.3,116911.88
3.6,55,Marketing,PhD,Mid,2.5,97902.06
20.1,31,HR,Master,Senior,3.4,161095.18
10.5,40,Operations,PhD,Mid,2.2,113704.34
7.0,46,Marketing,Bachelor,Mid,3.1,87875.48
15.5,23,Operations,Master,Senior,2.0,136514.53
19.9,36,Sales,Master,Mid,3.9,142704.42
16.0,30,Operations,Bachelor,Junior,2.9,97584.13
16.2,27,Finance,Master,Manager,2.5,146359.75
21.4,55,Sales,Master,Mid,2.8,150930.01
17.8,43,IT,Master,Junior,2.4,115709.68
0.8,56,IT,Master,Senior,4.0,107306.67
18.2,45,IT,PhD,Mid,3.4,144563.11
14.4,51,Operations,Master,Manager,2.4,146594.83
8.9,45,Operations,PhD,Director,3.3,167846.32
9.4,28,Marketing,PhD,Manager,4.8,142399.94
5.2,50,HR,Master,Junior,4.9,79229.3
14.4,25,Marketing,Master,Mid,4.9,119123.71
14.2,23,IT,Master,Mid,5.0,127767.72
18.3,57,HR,PhD,Mid,4.4,143489.71
17.5,60,IT,Master,Mid,5.0,150169.64
2.9,23,HR,Bachelor,Senior,4.4,84770.63
4.2,25,HR,PhD,Manager,3.6,125908.65
17.2,54,Sales,Bachelor,Manager,3.5,158261.61
21.2,25,Marketing,Master,Manager,4.1,171100.5
2.1,27,Finance,PhD,Mid,2.2,79162.4
12.3,42,Marketing,PhD,Director,2.9,174976.85
17.6,29,Operations,PhD,Director,4.2,188604.39
5.4,43,Marketing,Master,Manager,4.2,126158.93
6.0,31,Operations,Master,Junior,2.3,68191.8
16.5,45,HR,PhD,Junior,3.8,127580.43
3.1,44,Operations,Master,Junior,4.9,81232.73
12.9,35,HR,PhD,Manager,2.7,146151.73
12.8,49,Sales,PhD,Director,4.0,185405.78
14.6,39,IT,Bachelor,Senior,4.1,132134.51
0.6,31,Sales,PhD,Manager,2.2,103003.44
8.6,51,Finance,Bachelor,Senior,2.9,118380.13
3.8,25,Operations,Bachelor,Senior,3.3,85232.98
9.4,35,Sales,Bachelor,Senior,3.3,104853.8
11.0,41,IT,Bachelor,Manager,5.0,145901.11
3.1,53,Operations,Master,Mid,2.4,84360.41
12.5,44,IT,Master,Junior,3.3,107250.51
7.2,49,Sales,Master,Manager,2.9,129657.82
8.3,49,IT,Bachelor,Manager,3.8,132382.14
7.2,43,HR,Master,Mid,2.2,94237.62
4.7,44,Finance,PhD,Mid,2.7,96867.63
13.5,26,HR,PhD,Manager,3.4,152940.02
15.1,58,Operations,PhD,Director,3.0,193645.92
